word,count
*,2
a,397
project,2
gutenberg,2
canada,2
ebook,5
this,53
is,184
made,48
available,1
at,100
no,75
cost,2
and,1249
with,202
very,34
few,3
restrictions.,1
these,8
restrictions,1
apply,1
only,53
if,75
(1),1
you,146
make,35
change,3
in,357
the,2330
(other,1
than,30
alteration,1
for,134
different,3
display,1
devices),,1
or,59
(2),1
are,60
making,6
commercial,1
use,4
of,546
ebook.,1
either,4
conditions,1
applies,,1
please,3
check,2
gutenberg.ca/links/licence.html,1
before,33
proceeding.,1
work,20
canadian,1
public,1
domain,,1
but,212
may,12
be,87
under,27
copyright,3
some,36
countries.,1
live,5
outside,3
canada,,1
your,31
country's,1
laws.,1
book,2
country,,1
do,82
not,200
download,1
redistribute,1
file.,1
title:,1
old,250
man,218
sea,36
author:,1
hemingway,,1
ernest,5
(1899-1961),1
date,3
first,32
publication:,1
1952,3
edition,1
used,10
as,197
base,2
ebook:,1
new,9
york:,1
charles,3
scribner's,4
sons,,2
posted:,1
21,2
2012,2
last,8
updated:,1
#948,1
was,430
produced,1
by,32
al,1
haines,1
hemingway,3
york,2
copyright,,1
1952,,1
printed,1
united,1
states,1
america,1
_all,1
rights,1
reserved.,1
part,13
reproduced,1
any,25
form,3
without,20
permission,1
sons_,2
to,454
charlie,1
scribner,1
max,1
perkins,1
he,1128
an,29
who,23
fished,3
alone,7
skiff,36
gulf,5
stream,2
had,201
gone,13
eighty-four,2
days,10
now,124
taking,4
fish.,35
forty,5
boy,89
been,41
him.,43
after,32
fish,194
boy's,2
parents,1
told,11
him,164
that,283
definitely,1
finally,5
_salao_,,1
which,14
worst,1
unlucky,,1
their,42
orders,1
another,20
boat,24
caught,7
three,11
good,33
week.,1
it,400
sad,3
see,64
come,42
each,30
day,17
his,445
empty,2
always,14
went,34
down,75
help,9
carry,4
coiled,4
lines,15
gaff,11
harpoon,18
sail,19
furled,3
around,20
mast.,1
patched,3
flour,1
sacks,5
and,,11
furled,,1
looked,37
like,44
flag,1
permanent,1
defeat.,1
thin,2
gaunt,1
deep,11
wrinkles,1
back,77
neck.,2
brown,6
blotches,2
benevolent,1
skin,2
cancer,1
sun,39
brings,3
from,93
its,30
reflection,2
on,191
tropic,1
were,137
cheeks.,1
ran,4
well,27
sides,4
face,8
hands,35
deep-creased,1
scars,2
handling,1
heavy,16
cords.,1
none,1
fresh.,1
they,144
erosions,1
fishless,1
desert.,1
everything,13
about,29
except,10
eyes,18
same,9
color,2
cheerful,1
undefeated.,1
"santiago,",2
said,51
climbed,1
bank,1
where,34
hauled,1
up.,9
"i,80
could,112
go,38
again.,23
we've,1
money.",1
taught,1
loved,9
"no,",5
said.,127
"you're,6
lucky,5
boat.,10
stay,11
them.",2
"but,19
remember,13
how,28
eighty-seven,2
then,134
we,36
big,33
ones,1
every,5
weeks.",1
remember,",1
know,22
did,55
leave,3
me,41
because,23
doubted.",1
"it,13
papa,1
leave.,1
i,381
am,34
must,72
obey,1
him.",7
know,",3
quite,6
normal.",1
"he,18
hasn't,3
much,37
faith.",1
have.,2
haven't,2
we?",2
"yes,",4
"can,3
offer,1
beer,3
terrace,6
we'll,1
take,28
stuff,3
home.",1
"why,2
not?",1
"between,1
fishermen.",1
sat,4
many,29
fishermen,13
fun,1
angry.,1
others,,2
older,3
fishermen,,2
sad.,1
show,7
spoke,5
politely,1
current,10
depths,1
drifted,2
steady,10
weather,6
what,61
seen.,2
successful,1
already,5
butchered,2
marlin,3
out,91
carried,9
them,63
laid,5
full,5
length,4
across,28
two,52
planks,,1
men,7
staggering,1
end,6
plank,,1
house,4
waited,5
ice,4
truck,1
market,2
havana.,3
those,7
sharks,14
taken,8
shark,39
factory,1
other,26
side,28
cove,1
hoisted,2
block,1
tackle,,1
livers,2
removed,,1
fins,4
cut,32
off,19
hides,1
skinned,3
flesh,4
into,56
strips,5
salting.,1
when,103
wind,13
east,5
smell,9
came,38
harbour,5
factory;,1
today,4
there,89
faint,6
edge,6
odour,1
backed,2
north,1
dropped,7
pleasant,2
sunny,1
terrace.,2
holding,7
glass,1
thinking,3
years,3
ago.,1
get,41
sardines,6
tomorrow?",1
"no.,8
play,3
baseball.,3
can,67
still,38
row,2
rogelio,1
will,90
throw,3
net.",1
would,94
go.,2
cannot,16
you,,6
serve,1
way.",1
"you,18
bought,3
beer,",1
man.",7
"how,8
took,29
boat?",1
"five,1
nearly,7
killed,10
brought,12
too,55
green,7
tore,2
pieces.,1
remember?",1
tail,15
slapping,1
banging,2
thwart,2
breaking,7
noise,5
clubbing.,1
throwing,1
bow,21
wet,3
feeling,11
whole,3
shiver,2
clubbing,2
chopping,1
tree,1
sweet,4
blood,11
all,92
over,45
me.",5
really,5
just,33
tell,8
you?",3
together.",1
sun-burned,,1
confident,3
loving,1
eyes.,3
"if,6
my,48
i'd,1
gamble,",1
father's,1
mother's,1
boat.",1
"may,2
sardines?,1
four,5
baits,7
too.",3
have,140
mine,6
left,46
today.,3
put,33
salt,6
box.",1
"let,4
fresh,10
ones.",1
"one,",1
hope,8
confidence,3
never,28
gone.,5
freshening,1
breeze,14
rises.,2
"two,",2
agreed.,1
didn't,4
steal,3
them?",1
would,",1
these.",1
"thank,2
you,",4
simple,3
wonder,11
attained,2
humility.,1
knew,45
disgraceful,1
loss,3
true,6
pride.,1
"tomorrow,1
going,19
current,",1
"where,1
going?",1
asked.,7
"far,1
shifts.,1
want,15
light.",1
"i'll,16
try,15
far,20
out,",2
"then,4
hook,17
something,20
truly,8
aid.",1
does,10
out.",1
such,11
bird,20
working,6
dolphin.",2
"are,1
bad?",1
almost,17
blind.",1
strange,",1
turtle-ing.,1
kills,5
eyes.",1
turtle-ing,1
mosquito,1
coast,4
good.",3
strange,12
strong,15
enough,12
fish?",2
think,38
so.,2
tricks.",1
us,8
home,",1
"so,2
cast,4
net,3
sardines.",1
picked,6
up,67
gear,4
mast,15
shoulder,9
wooden,1
box,4
coiled,,1
hard-braided,1
lines,,2
shaft.,1
stern,19
along,8
club,7
subdue,1
alongside.,3
one,68
better,16
home,2
dew,1
bad,12
though,18
sure,10
local,1
people,7
him,,12
thought,17
needless,1
temptations,1
walked,4
road,6
together,10
man's,19
shack,9
through,26
open,12
door.,1
leaned,15
wrapped,3
against,59
wall,4
beside,7
it.,50
long,30
room,4
shack.,2
tough,1
bud-shields,1
royal,1
palm,2
called,7
_guano_,2
bed,,4
table,,1
chair,,1
place,7
dirt,1
floor,2
cook,1
charcoal.,1
walls,3
flattened,,2
overlapping,1
leaves,1
sturdy,1
fibered,1
picture,2
sacred,1
heart,4
jesus,1
virgin,1
cobre.,1
relics,1
wife.,2
once,16
tinted,1
photograph,1
wife,1
lonely,1
shelf,1
corner,3
clean,6
shirt.,2
"what,9
eat?",2
"a,3
pot,2
yellow,12
rice,3
some?",1
eat,37
home.,6
fire?",1
later,4
on.,4
cold.",1
net?",1
"of,2
course.",1
remembered,2
sold,2
fiction,2
day.,5
too.,5
"eighty-five,1
number,",1
bring,18
dressed,2
thousand,3
pounds?",1
sardines.,4
sit,3
doorway?",1
"yes.,1
yesterday's,2
paper,3
read,2
baseball.",3
whether,2
bed.,4
"perico,1
gave,6
_bodega_,",1
explained.,1
i'll,13
keep,23
yours,1
share,1
morning.,7
"the,8
yankees,4
lose.",1
fear,6
indians,2
cleveland.",2
"have,1
faith,1
son.,1
great,64
dimaggio.",1
both,14
tigers,1
detroit,1
"be,3
careful,3
even,22
reds,1
cincinnati,1
white,12
sox,1
chicago.",1
study,1
back.",2
"do,4
should,19
buy,5
terminal,1
lottery,1
eighty-five?,1
tomorrow,2
eighty-fifth,1
day.",1
"we,2
that,",3
record?",1
happen,3
twice.,1
find,5
eighty-five?",1
order,3
one.",1
"one,2
sheet.,1
that's,1
dollars,2
half.,1
borrow,3
from?",1
"that's,2
easy.,2
half.",1
perhaps,17
borrow.,2
beg.",1
"keep,3
warm,2
man,",11
"remember,1
september.",1
month,1
come,",2
"anyone,1
fisherman,5
may.",1
sardines,",1
asleep,8
chair,3
down.,6
army,1
blanket,4
bed,8
spread,10
shoulders.,4
shoulders,,2
powerful,1
although,11
old,,1
neck,3
creases,1
so,77
head,49
fallen,1
forward.,2
shirt,2
times,9
patches,3
faded,1
shades,1
sun.,5
closed,7
life,5
face.,3
newspaper,4
lay,12
knees,3
weight,15
arm,9
held,25
evening,4
breeze.,2
barefooted.,1
asleep.,2
"wake,1
hand,63
knees.,1
opened,4
moment,7
coming,14
way,19
away.,5
smiled.,1
got?",1
"supper,",1
boy.,6
"we're,2
supper.",1
"i'm,4
hungry.",1
"come,6
eat.,2
can't,5
eat.",3
have,",1
getting,7
folding,1
started,21
fold,1
blanket.,2
"you'll,1
eating,8
while,16
i'm,7
alive.",1
time,37
care,4
yourself,",1
eating?",1
"black,1
beans,1
rice,,1
fried,1
bananas,,1
stew.",1
two-decker,1
metal,1
container,2
sets,3
knives,1
forks,1
spoons,1
pocket,2
napkin,1
set.,1
"who,2
"martin.,1
owner.",1
thank,4
thanked,1
already,",1
don't,12
need,6
give,8
belly,4
meat,12
fish,",12
"has,1
done,6
more,49
once?",1
so.",1
then.,2
thoughtful,1
us.",1
sent,3
beers.",1
cans,3
best.",1
know.,7
bottles,,1
hatuey,1
beer,,1
bottles.",1
kind,4
"should,2
"i've,1
asking,2
to,",1
gently.,3
wished,2
until,21
ready.",1
ready,2
now,",3
needed,3
wash.",1
wash?,1
thought.,128
village,2
water,74
supply,1
streets,1
road.,4
here,8
thought,,20
soap,1
towel.,1
why,7
thoughtless?,1
jacket,1
winter,1
sort,3
shoes,1
"your,1
stew,1
excellent,",1
"tell,4
baseball,",1
asked,10
"in,2
american,1
league,1
said,",1
happily.,1
"they,8
lost,5
today,",1
"that,1
means,4
nothing.,7
dimaggio,6
himself,25
again.",3
team.",1
"naturally.,1
makes,6
difference.,1
league,,1
between,8
brooklyn,1
philadelphia,1
brooklyn.,1
dick,1
sisler,1
drives,1
park.",1
"there,6
nothing,21
ever,9
them.,23
hits,1
longest,1
ball,1
seen.",1
terrace?,1
wanted,4
fishing,3
timid,1
ask,2
timid.",1
mistake.,1
might,13
us.,2
our,15
lives.",1
fishing,",1
say,11
father,6
fisherman.,3
maybe,18
poor,2
understand.",1
sisler's,1
he,,1
father,,1
playing,2
leagues,2
age.",1
"when,1
age,1
square,1
rigged,2
ship,2
africa,5
seen,12
lions,7
beaches,3
evening.",1
talk,8
baseball?",1
"baseball,1
think,",2
john,1
j.,2
mcgraw.",1
_jota_,1
sometimes,13
days.,1
rough,2
harsh-spoken,1
difficult,5
drinking.,1
mind,1
horses,3
least,2
lists,1
frequently,1
names,2
telephone.",1
manager,",1
"my,2
thinks,1
greatest.",1
"because,2
most,5
times,",1
durocher,1
continued,2
year,1
greatest,3
manager.",1
manager,,1
really,,1
luque,1
mike,1
gonzalez?",1
equal.",1
"and,8
best,3
you.",5
others,5
better.",1
"_qué,2
va_,",2
ones.,4
you.,3
happy.,3
prove,2
wrong.",2
say.",1
tricks,1
resolution.",1
ought,1
things,9
terrace.",1
"good,3
night,20
wake,6
morning.",1
alarm,2
clock,",2
"age,1
early?,1
longer,5
day?",1
"all,1
young,3
boys,1
sleep,12
late,6
hard.",1
it,",7
waken,2
time.",1
me.,6
inferior.",1
know.",1
"sleep,1
well,,5
out.,7
eaten,4
light,18
table,2
trousers,6
dark.,7
rolled,5
pillow,,1
putting,3
inside,8
slept,6
newspapers,2
covered,5
springs,1
short,4
dreamed,6
golden,2
beaches,,1
hurt,14
eyes,,2
high,16
capes,1
mountains.,1
lived,2
dreams,1
heard,10
surf,1
roar,1
saw,46
native,1
boats,7
riding,1
smelled,4
tar,1
oakum,1
deck,1
land,8
usually,3
woke,3
tonight,2
early,8
dream,7
dreaming,2
peaks,1
islands,1
rising,4
harbours,1
roadsteads,1
canary,1
islands.,1
storms,,1
nor,21
women,,1
occurrences,,1
fish,,16
fights,,1
contests,1
strength,,3
places,1
beach.,1
played,2
cats,1
dusk,1
simply,2
woke,,1
door,5
moon,9
unrolled,1
urinated,2
shivering,5
morning,6
cold.,1
soon,10
rowing.,1
unlocked,1
quietly,3
bare,2
feet.,3
cot,1
clearly,3
dying,1
moon.,2
hold,12
foot,6
gently,6
turned,15
nodded,1
sitting,3
pulled,17
sleepy,1
shoulders,14
said,,10
sorry.",1
do.",2
road,,2
dark,,3
barefoot,1
moving,,1
carrying,2
masts,1
boats.,2
reached,10
rolls,1
line,120
basket,2
shoulder.,3
coffee?",1
"we'll,1
some.",1
coffee,5
condensed,1
milk,2
served,1
fishermen.,1
man?",1
waking,1
hard,14
sleep.,4
"very,2
manolin,",2
feel,21
today.",1
i,",1
"now,7
baits.,1
himself.,11
wants,1
anyone,4
anything.",1
different,",1
let,36
five,2
old.",1
right,31
back.,5
coffee.,3
credit,1
here.",1
off,,1
bare-footed,1
coral,2
rocks,,1
stored.,1
drank,4
slowly.,4
bored,1
lunch.,1
bottle,4
trail,5
skiff,,4
pebbled,1
sand,2
feet,,1
lifted,7
slid,6
her,24
water.,23
luck,9
luck,",2
fitted,1
rope,10
lashings,1
oars,13
onto,14
thole,1
pins,1
leaning,3
forward,7
thrust,1
blades,1
water,,8
began,10
dip,5
push,1
below,6
hills.,1
someone,3
speak,3
silent,1
oars.,1
apart,1
mouth,12
headed,4
ocean,14
hoped,3
behind,9
rowed,6
ocean.,3
phosphorescence,4
weed,6
sudden,5
seven,1
hundred,11
fathoms,6
sorts,1
congregated,1
swirl,2
steep,1
concentrations,1
shrimp,1
bait,15
schools,3
squid,1
deepest,2
holes,1
rose,14
close,4
surface,13
wandering,1
fed,2
dark,32
trembling,1
sound,3
flying,22
hissing,2
stiff,3
set,6
wings,5
soared,1
away,15
darkness.,1
fond,1
principal,1
friends,2
sorry,8
birds,,1
especially,2
small,22
delicate,5
terns,1
looking,8
finding,,1
birds,6
harder,3
robber,1
fine,3
swallows,1
cruel?,1
she,7
beautiful.,2
cruel,2
comes,5
suddenly,3
fly,,1
dipping,2
hunting,,1
voices,1
delicately,1
sea.",1
_la,1
mar_,2
call,1
spanish,1
love,6
her.,2
woman.,1
younger,1
buoys,1
floats,1
motorboats,,1
money,,1
_el,1
masculine.,1
contestant,1
enemy.,2
feminine,1
withheld,1
favours,,1
wild,3
wicked,1
affects,1
woman,,1
rowing,2
steadily,15
effort,5
since,14
kept,8
within,1
speed,6
flat,4
occasional,1
swirls,1
current.,6
letting,1
third,4
further,4
hour.,1
worked,9
wells,1
week,1
nothing,,1
bonita,1
albacore,2
drifting,1
fathoms.,2
second,5
seventy-five,1
fourth,1
blue,14
twenty-five,1
hung,5
shank,2
tied,4
sewed,1
solid,4
projecting,5
hook,,1
curve,1
point,,1
sardine,2
hooked,12
half-garland,1
steel.,1
smelling,1
tasting.,1
given,2
tunas,,1
albacores,,1
plummets,1
runner,1
jack,1
before;,1
condition,1
excellent,3
scent,7
attractiveness.,1
line,,5
thick,1
pencil,,1
looped,1
green-sapped,1
stick,4
pull,22
touch,4
forty-fathom,3
coils,11
fast,29
spare,1
that,,3
necessary,,1
line.,12
watched,23
sticks,2
straight,14
proper,2
depths.,1
rise.,1
thinly,1
boats,,1
low,5
toward,8
shore,,1
brighter,1
glare,3
then,,8
clear,,1
sharply,1
straighter,1
did,,1
level,1
darkness,4
waiting,2
exactly,6
swam,12
there.,4
drift,1
sixty,1
hundred.,1
but,,3
precision.,1
more.,5
knows?,2
lucky.,2
rather,3
exact.,1
ready.,3
hours,8
higher,5
look,11
east.,1
sight,6
showed,10
inshore.,1
has,26
yet,2
good.,6
blackness.,1
force,2
painful.,1
man-of-war,2
black,4
circling,8
sky,9
ahead,6
quick,4
drop,,1
slanting,3
back-swept,1
wings,,2
circled,2
"he's,7
got,5
something,",1
aloud.,25
looking.",1
slowly,23
circling.,2
hurry,1
crowded,1
little,25
correctly,1
faster,1
trying,4
bird.,4
air,8
again,,7
motionless.,1
dove,1
spurt,1
desperately,2
surface.,2
"dolphin,",1
"big,1
shipped,2
bow.,10
wire,5
leader,2
medium-sized,1
baited,2
ring,1
bolt,1
stern.,6
shade,3
watching,7
long-winged,1
working,,1
now,,14
dipped,1
again,31
dive,1
swinging,4
wildly,2
ineffectually,1
followed,2
slight,1
bulge,1
dolphin,17
raised,3
escaping,1
cutting,7
flight,2
driving,5
speed,,1
dropped.,2
school,5
dolphin,,1
wide,10
chance.,2
fast.,6
burst,1
ineffectual,1
movements,2
gotten,1
me,,6
moving,9
far.,1
pick,3
stray,1
somewhere.,1
clouds,6
mountains,2
gray,2
hills,3
purple.,1
red,3
sifting,1
plankton,3
now.,18
happy,2
meant,5
higher,,1
shape,3
land.,2
yellow,,1
sun-bleached,1
sargasso,2
purple,,1
formalized,,1
iridescent,,1
gelatinous,1
bladder,1
portuguese,2
floating,1
righted,4
itself.,2
floated,3
cheerfully,1
bubble,2
deadly,1
purple,12
filaments,4
trailing,2
yard,2
"_agua,1
mala_,",1
whore.",1
swung,10
lightly,6
tiny,2
coloured,1
drifted.,1
immune,1
poison.,1
catch,3
rest,10
slimy,1
welts,1
sores,1
arms,5
poison,2
ivy,1
oak,1
give.,1
poisonings,1
_agua,1
mala_,1
quickly,3
struck,4
whiplash.,1
iridescent,1
bubbles,1
falsest,1
thing,8
turtles,7
them,,6
approached,1
front,,1
shut,5
completely,2
carapaced,1
ate,8
all.,2
walk,1
beach,3
storm,1
hear,4
pop,1
stepped,4
horny,1
soles,1
hawks-bills,1
elegance,1
value,1
friendly,2
contempt,1
huge,,1
stupid,1
loggerheads,,1
armour-plating,,1
love-making,,1
happily,1
men-of-war,1
shut.,2
mysticism,1
turtle,3
years.,1
all,,1
trunk,1
backs,2
weighed,2
ton.,1
heartless,1
turtle's,1
beat,8
butchered.,1
feet,9
theirs.,1
eggs,1
strength.,5
september,2
october,1
also,5
cup,1
liver,1
oil,1
drum,1
gear.,2
hated,1
taste.,2
worse,2
colds,1
grippes,1
found,7
broke,2
scattering,1
watched,,1
tuna,10
air,,2
shone,1
silver,7
jumping,4
directions,,1
churning,1
leaping,1
jumps,3
bait.,2
travel,1
dropping,1
forced,2
panic.,1
help,",1
taut,3
foot,,1
loop,2
felt,40
tuna's,1
firm,2
commenced,4
haul,1
in.,6
increased,3
gold,3
sun,,2
compact,1
bullet,1
shaped,,1
big,,1
unintelligent,1
staring,1
thumped,1
planking,4
strokes,1
neat,,1
fast-moving,2
tail.,8
hit,25
kindness,1
kicked,2
body,5
shuddering,,1
"albacore,",1
"he'll,4
beautiful,4
he'll,3
weigh,1
ten,5
pounds.",2
aloud,6
sung,2
steering,1
watch,3
smacks,1
probably,2
aloud,,4
alone,,2
left.,2
remember.,1
necessary.,1
talked,1
storm-bound,1
weather.,2
considered,2
virtue,1
unnecessarily,1
respected,1
thoughts,2
annoy.,1
talking,1
loud,1
crazy,",1
crazy,,1
care.,2
rich,1
radios,1
baseball,,1
thing.,2
born,6
for.,2
school,,1
straggler,1
feeding.,1
shows,2
travels,1
north-east.,1
day?,1
sign,1
know?,1
shore,1
tops,1
snow-capped,1
snow,1
above,7
prisms,3
myriad,1
flecks,1
annulled,1
mile,4
deep.,3
tuna,,1
species,1
distinguished,1
among,3
sell,3
trade,5
baits,,1
hot,3
sweat,4
trickle,1
rowed.,1
drift,,1
bight,1
toe,1
eighty-five,1
well.,5
sharply.,1
bumping,1
softly,1
thumb,5
forefinger,2
hand.,16
strain,12
lightly.,1
tentative,1
pull,,2
heavy,,1
was.,5
point,10
hand-forged,1
projected,1
tuna.,3
delicately,,1
softly,,2
hand,,7
unleashed,2
stick.,1
run,2
fingers,7
tension.,1
out,,2
huge,9
month,,1
six,3
cold,9
turn,9
pulling,8
sardine's,1
break,6
hook.,2
on,",1
"make,1
turn.,4
aren't,1
lovely?,1
lovely.,1
shy,,1
finger,,1
swum,1
"god,4
it.",10
though.,1
gone,",2
"christ,1
knows,7
he's,3
remembers,1
gentle,3
turn,",1
unbelievably,1
heavy.,2
slip,3
down,,7
unrolling,1
reserve,9
coils.,3
slipping,1
fingers,,1
weight,,1
pressure,4
finger,2
imperceptible.,1
sideways,1
swallow,2
it,,11
happen.,1
crosswise,1
mouth.,3
stop,2
tightened,1
well.",3
free,3
next,9
coil,2
using.,1
"eat,3
more,",1
goes,5
easy,4
right.,2
ready?,1
table?,1
"now!",1
hands,,2
gained,3
alternately,1
cord,7
strength,10
pivoted,2
body.,2
happened.,2
moved,13
raise,2
inch.,1
beads,1
slow,4
bracing,2
pull.,1
move,2
north-west.,2
travelled,1
calm,6
done.,1
wish,22
boy,",1
being,6
towed,1
towing,3
bitt.,1
god,6
travelling,1
down.",1
decides,2
sounds,1
dies,1
something.,1
plenty,3
do.,3
slant,6
kill,21
forever.,4
swimming,8
sea,,3
braced,4
solidly,2
noon,2
him,",3
pushed,6
straw,2
hat,2
forehead.,2
thirsty,1
jerk,5
little.,2
rested,10
un-stepped,1
tried,13
endure.,2
visible.,1
difference,,1
glow,7
that.,5
doesn't,1
sunrise.,2
cramps,2
strong.,4
tight,7
wire.,1
changed,3
course,7
direction,1
stars.,2
dried,2
legs.,3
during,2
sack,5
dry.,1
cautiously,1
cushioned,1
comfortable.,3
position,1
actually,1
somewhat,1
less,3
intolerable;,1
keeps,3
stood,3
stars,6
checked,2
course.,6
phosphorescent,2
streak,1
havana,3
strong,,3
eastward.,1
lose,5
eastward,,2
fish's,14
hours.,2
baseball,2
grand,1
today,,1
wonderful,3
radio.,1
always.,1
doing.,1
stupid.,2
this.",2
age,,1
unavoidable.,1
spoils,1
remember,,2
matter,4
to,,1
porpoise,1
rolling,1
blowing.,1
difference,3
blowing,3
male,8
sighing,1
blow,2
female.,1
good,",1
jokes,1
another.,1
brothers,1
fish.",6
pity,2
hooked.,1
is,,4
acted,1
strangely.,1
wise,1
jump.,2
ruin,1
rush.,1
fight.,1
man.,7
pulls,1
fight,11
panic,1
plans,2
desperate,1
am?,1
pair,1
marlin.,2
female,2
feed,4
female,,1
wild,,1
panic-stricken,,1
despairing,1
exhausted,1
her,,3
stayed,5
crossing,1
afraid,5
sharp,5
scythe,2
size,2
shape.,1
gaffed,1
clubbed,4
rapier,2
bill,6
sandpaper,1
top,5
colour,4
backing,2
mirrors,,1
aid,,1
aboard,,1
clearing,1
preparing,1
harpoon,,1
jumped,8
deep,,2
lavender,3
pectoral,3
fins,,1
stripes,8
showing.,1
beautiful,,2
remembered,,2
stayed.,1
saddest,1
begged,1
pardon,1
promptly.,1
here,",1
settled,7
rounded,1
planks,1
whatever,2
chosen.,1
once,,2
treachery,,1
necessary,3
choice,,1
choice,2
beyond,3
snares,1
traps,1
treacheries.,1
people.,2
world.,1
joined,2
noon.,1
fisherman,,1
surely,2
gets,2
light.,2
daylight,4
begin,2
rush,2
gunwale,2
skiff.,6
loosened,1
sheath,2
knife,18
wood,15
gunwale.,2
closest,1
loose,4
ends,1
skillfully,1
drew,6
knots,1
tight.,2
severed,1
connected.,1
light,,1
link,1
catalan,1
_cordel_,1
hooks,1
leaders.,1
replaced.,2
replaces,1
cuts,2
off?,1
broadbill,1
shark.,1
rid,1
boy.",1
boy,,1
yourself,3
surge,1
eye.,2
cheek,2
way.,2
coagulated,1
chin,2
wood.,3
adjusted,1
carefully,8
anchored,2
progress,1
lurch,4
for,,3
slipped,4
hill,1
certainly,1
badly,7
does.,2
forever,,1
is.,3
cleared,2
trouble,1
line;,1
ask.,1
"fish,",3
dead.",1
too,,4
suppose,,1
warm.,1
can,,3
extended,1
north,",1
tiring.,2
risen,4
realized,1
favorable,1
sign.,1
lesser,1
depth.,1
necessarily,1
mean,2
might.,1
jump,",1
handle,4
increase,2
tension,2
jump,,2
jump,4
fill,1
backbone,3
die.,1
tension,,1
harshness,1
ever,,1
widens,1
anyway,3
added,2
drag,5
pleased.,1
night.,6
respect,1
much.,4
dead,5
ends.",1
so,,3
north.,2
warbler,1
tired.,1
flew,1
"is,1
trip?",1
spoke.,1
tired,10
examine,1
teetered,1
gripped,3
"it's,2
steady,",1
steady.,4
shouldn't,2
windless,1
to?",1
hawks,,1
meet,1
understand,2
learn,3
hawks,1
enough.,1
"take,1
rest,,1
bird,",2
chance,2
encouraged,1
stiffened,1
"stay,1
like,,1
hoist,1
rising.,3
friend.",1
overboard,2
flown,1
jerked,4
noticed,3
bleeding.,1
"something,1
then,",1
touching,2
knows,,1
i.",2
liked,5
company.,2
long,,2
rougher,1
shore.,2
made?,1
pay,5
attention,3
failure,1
salt,",1
shifting,1
kneeling,1
washed,5
there,,2
submerged,,1
minute,2
movement,3
moved.,1
slowed,2
much,",1
burn,1
flesh.,1
started.,1
"now,",3
dried,,1
reach,2
comfort.",1
knelt,2
keeping,1
clear,6
lines.,4
arm,,2
place.,1
knee,1
longitudinally,1
wedge-shaped,2
bone,10
belly.,1
bow,,1
wiped,3
trousers,,1
carcass,3
bonito,2
overboard.,1
entire,1
one,",1
strips.,1
cramped.,2
disgust.,1
"cramp,1
want.,1
claw.,1
on,,6
strengthen,1
hand's,1
fault,2
piece,5
chewed,5
unpleasant.,1
chew,2
juices.,1
lime,1
lemon,1
salt.,2
feel,,2
hand?",1
cramped,4
rigor,1
mortis.,1
two.,1
spat,3
skin.,1
go,,2
hand?,1
know?",1
full-blooded,1
instead,5
dolphin.,5
sweet.,1
hardly,3
sense,1
anything,4
practical,1
though,,5
rot,1
dry,3
left,,1
hungry.,1
patient,,1
hand,",1
brother.,2
conscientiously,1
straightened,2
up,,4
wiping,1
trousers.,2
nonsense.",1
cramp,3
go,",1
seems,1
calm,,2
following,1
plan.,1
plan,,1
mine?,1
improvise,1
size.,2
stays,1
rubbed,3
fingers.,2
open.,2
raw,3
digested.,1
costs.,1
force.,1
itself,2
own,2
accord.,1
abused,1
unite,1
various,1
stretching,1
undulation,1
calm.,2
building,1
ducks,1
etching,2
themselves,3
blurring,,1
sea.,7
feared,1
months,3
hurricane,4
hurricanes,,1
year.,1
signs,1
ahead,,1
ashore,1
clouds.,2
cumulus,2
built,4
piles,1
cream,1
feathers,1
cirrus,2
sky.,3
"light,1
_brisa_,",1
"better,1
cramped,,1
unknotting,1
hate,1
cramp,,2
treachery,1
one's,2
humiliating,1
diarrhoea,1
ptomaine,1
poisoning,1
vomit,2
_calambre_,,1
humiliates,1
oneself,1
alone.,2
rub,1
loosen,3
forearm,,1
slapped,1
thigh,2
upward.,1
up,",2
on.",1
bulged,1
unendingly,1
poured,2
sides.,2
bright,3
lavender.,1
sword,4
bat,2
tapered,1
re-entered,1
smoothly,,1
diver,1
scythe-blade,1
race,1
skiff,",1
panicked.,1
convince,2
run.,1
broke.,1
god,,2
intelligent,2
them;,1
noble,3
able.,1
pounds,2
life,,1
land,,1
biggest,2
bigger,2
of,,1
claws,1
eagle.,1
uncramp,2
brothers:,1
hands.,4
uncramp.,1
unworthy,1
usual,1
pace.,1
jumped,,1
anyway,,2
am.,1
intelligence.,1
comfortably,2
suffering,4
uncramped.,1
"bad,1
news,1
shifted,3
comfortable,1
suffering,,1
admit,1
religious,",1
fathers,2
hail,3
marys,2
promise,1
pilgrimage,1
virgen,1
de,2
cobre,1
promise.",1
prayers,3
mechanically.,1
prayer,1
automatically.,1
easier,1
fathers,,1
"hail,1
mary,1
grace,1
lord,1
thee.,1
blessed,2
art,1
thou,1
women,2
fruit,1
thy,1
womb,,1
jesus.,1
holy,1
mary,,1
mother,1
pray,2
sinners,1
hour,6
death.,2
amen.",1
added,,2
"blessed,1
virgin,,1
death,3
is.",1
better,,1
much,,3
more,,2
began,,1
mechanically,,1
re-bait,1
stern,",1
bottle.,1
here.,3
won't,1
bad.,2
board,1
tonight.,1
attract,1
save,2
christ,,1
big.",2
though,",1
greatness,1
glory.",1
unjust,,1
endures.,1
proved,1
proving,1
past,2
doing,2
he'd,1
lions,,1
main,1
left?,1
think,,3
man,,5
working.,1
can.,1
afternoon,5
steadily.,1
easterly,1
rode,1
easily,4
smoothly.,2
rise,2
swim,3
slightly,1
level.,1
erect,1
slicing,1
sees,1
depth,,1
eye,7
horse,,1
eye,,1
absolute,1
cat,2
sees.,1
uncramped,1
shift,2
shrugged,1
muscles,1
you're,3
tired,,2
strange.",1
things.,2
leagues,,1
_gran,1
ligas_,,1
_tigres_,1
detroit.,1
result,1
_juegos_,,1
worthy,3
perfectly,1
pain,10
spur,4
heel.,1
spur?,1
_un,1
espuela,1
hueso_.,1
painful,1
fighting,2
cock,1
heel?,1
endure,1
continue,1
cocks,1
beasts.,1
beast,1
"unless,1
come,,1
believe,7
one?,1
much?,1
spur.",1
confidence,,1
tavern,1
casablanca,1
game,1
negro,5
cienfuegos,2
strongest,1
docks.,1
elbows,1
chalk,1
forearms,2
other's,1
table.,2
betting,1
kerosene,1
lights,6
negro's,3
referees,2
eight,3
fingernails,1
bettors,3
chairs,1
watched.,1
painted,1
lamps,1
threw,2
shadows,1
shadow,3
lamps.,1
odds,1
forth,1
rum,1
lighted,1
cigarettes,1
negro,,2
rum,,1
tremendous,1
santiago,1
el,1
campeon,,1
inches,1
balance.,1
athlete,,1
beaten.,1
draw,2
referee,1
shaking,3
head,,4
match,2
sunday,1
ended,1
monday,1
docks,1
loading,1
sugar,2
coal,1
otherwise,1
everyone,3
finish.,1
finished,1
work.,1
champion,1
return,2
spring.,1
money,1
bet,1
won,1
broken,3
match.,1
matches,2
decided,2
fishing.,1
practice,1
traitor,1
trust,1
bake,1
unless,1
bring.,1
airplane,2
passed,8
miami,1
scaring,1
"with,1
dolphin,",1
possible,1
gain,1
hardness,1
water-drop,1
preceded,1
breaking.,1
airplane,,1
looks,2
height?,1
able,2
fly,2
high.,1
above.,1
cross-trees,1
mast-head,1
height,1
greener,1
spots,3
swim.,1
spots?,1
golden.,1
feed,,2
hungry,,2
anger,,1
greater,1
out?,1
island,1
heaved,1
blanket,,1
bending,1
flapping,1
air.,3
acrobatics,1
crouching,1
stepping,1
foot.,2
stern,,1
plunging,1
desperation,,1
burnished,1
jaws,12
convulsively,1
bites,1
pounded,1
bottom,1
body,,2
shining,1
shivered,1
still.,1
unhooked,1
rebaited,1
tossed,1
over.,4
cord.,1
all,",1
noted,2
perceptibly,1
slower.,1
lash,6
night,",1
gut,2
meat,,2
time.,8
quiet,3
disturb,2
sunset.,3
setting,1
grasped,1
eased,1
allowed,1
did.,1
learning,1
anyway.,2
needs,1
food.,1
bonito.,2
_dorado_.,1
food,2
boat,,3
dullness,1
mistrusted.,1
other.,2
legs,4
question,2
sustenance.,1
becomes,1
september.,1
worn,2
could.,4
name,1
rigel,1
distant,1
friends.,1
friend,1
too,",2
glad,1
stars.",1
imagine,2
moon,,1
runs,1
sun?,1
lucky,,1
determination,1
relaxed,1
sorrow,1
him?,1
no,,2
not.,1
manner,1
behaviour,1
dignity.,1
things,,2
brothers.,3
drag.,1
perils,1
merits.,1
loses,1
lightness.,1
lightness,1
prolongs,1
safety,1
employed.,1
passes,1
spoil,1
decision.,1
meantime,1
acts,1
changes.,1
trick;,1
safety.,1
punishment,2
hunger,,1
comprehend,,1
everything.,2
duty,1
comes.,1
believed,1
judging,1
resting,3
comparatively.,1
bearing,1
placed,2
confided,1
resistance,1
fast,,2
cushion,1
yet,,1
half,11
slept.,1
devise,2
become,2
unclear,2
head.",1
clear.,7
sleeps,1
certain,1
sleep,,2
prepare,3
dangerous,1
rig,2
sleeping,,1
dangerous.,1
knees,,1
himself,,1
rest.,1
dies.,1
blade,9
slit,2
vent,1
tip,1
lower,4
jaw.,1
gutted,2
scooping,1
gills,4
maw,1
slippery,1
inside.,1
guts,1
sank,2
leaving,1
leprous,1
gray-white,1
starlight,1
head.,6
descent.,1
fillets,3
sheath,,1
bent,1
noting,1
skinning,1
flow,2
particles,1
phosphorus,1
astern.,1
tiring,1
resting,",1
sleep.",1
colder,1
off.,4
cooked,",1
miserable,1
raw.,1
limes.",1
brains,1
splashed,1
drying,,1
salt,,1
lack,1
preparation.,1
nauseated.,1
clouding,1
canyon,1
days,",1
tomorrow.,1
steady.",1
braced,,1
relaxes,1
punishment.,1
twenty,1
minutes,1
cramping,1
vast,1
porpoises,1
stretched,1
miles,1
mating,1
leap,1
hole,1
leaped.,1
norther,1
pillow.,1
bows,1
off-shore,1
tunnel,1
fist,1
burning,1
braked,1
rushed,1
burned,1
badly.,3
feeding,1
bursting,1
fall.,1
racing,1
raising,2
slice,2
move.,1
splash,1
fell.,1
known,1
calloused,1
parts,2
yes.,1
slowing,1
earn,1
inch,1
crushed.,1
ceding,1
see.,1
friction,1
yes,,1
dozen,2
filled,2
die,3
start,1
suddenly?,1
hunger,2
desperate,,1
frightened,1
night?,2
fear.,1
seemed,2
fearless,2
confident.,1
strange.,1
yourself,,1
circle.",1
stooped,1
scooped,1
crushed,1
nauseate,1
cleaned,2
east,,1
circle.,3
begins.,1
judged,1
bad,",1
fit,2
worthless,",1
hands?,2
training,1
properly.,1
chances,1
learn.,1
night,,1
once.,1
clear-headed,1
can't,,1
light-headed,1
nausea.,1
emergency,1
nourishment.,1
stupid,,1
ready,,1
chewing,3
bones,2
nourishment,1
need.,1
circle,11
come.,7
slackening,1
tightened,,1
always,,1
break,,1
motion,1
pulling.,1
circle,",1
circling.",1
drops,1
grudgingly,1
shorten,1
later.,2
circles,1
shorter,1
slanted,2
swam.,1
seeing,1
salted,2
spots.,1
normal,1
twice,,1
dizzy,1
worried,1
fail,1
myself,2
this,",1
beautifully,,1
marys.,1
now.",2
consider,1
jerking,2
hard-feeling,1
hitting,2
spear,,1
bound,1
widen,1
opening,2
wound,1
"don't,6
jump.",1
several,1
shook,2
matter.,1
control,1
mine.,1
drive,1
mad.,1
stopped,3
beating,1
gaining,3
cramps,",1
last.,2
kneeled,1
moment,,1
stand,1
in,,1
decided.,1
temptation,1
recovering,1
pivoting,1
weaving,2
gained.,1
tireder,1
been,,2
with.,1
better.,1
turns,3
considerably.,1
fair-weather,1
steer,2
south,1
west,",1
island.",1
first.,1
pass,3
length.,2
thirty,2
yards,1
pale,2
raked,1
bulk,1
banded,1
dorsal,3
fin,7
pectorals,1
wide.,2
sucking,1
attached,1
darted,1
shadow.,1
lashed,5
bodies,1
eels.,1
sweating,1
else,2
besides,3
placid,1
close,,3
mustn't,1
heart.,2
round,1
bitt,3
moving.,1
closer.,1
side.,2
then.",1
went.,1
starting,1
alongside,4
"fish,,1
too?",1
accomplished,,1
time,,1
turns.,2
yes,1
are,,1
ever.,2
turn,,1
killing,3
to.,1
greater,,1
calmer,1
who.,1
confused,1
suffer,1
"clear,2
head,",1
voice,1
hear.,1
up.",1
twice,2
know,,1
promised,,1
mushy,1
flashes.,1
same.,1
started;,1
pride,2
agony,1
side,,1
wide,,2
barred,1
interminable,1
drove,9
summoned,,1
chest,2
altitude,1
chest.,1
iron,1
alive,,2
showing,3
width,1
power,1
beauty.,1
hang,2
fell,4
crash,1
spray,1
sick,1
see,,1
shaft,2
angle,1
discolouring,1
shoal,1
cloud.,1
silvery,1
waves.,1
glimpse,1
vision,1
had.,1
clear,",1
brother,1
slave,2
work.",1
nooses,1
alongside,,1
swamped,1
load,1
bailed,1
everything,,1
step,1
fortune,,1
heart,,1
noose,2
middle,2
bind,1
"get,2
work,,1
drink,3
over.",1
carefully.,1
noon,,1
splice,1
wallowing,1
seas,1
untied,1
bitt,,1
jaws,,1
gill,,1
knotted,1
double,2
astern,2
original,1
silver,,1
violet,1
wider,1
detached,1
mirrors,1
periscope,1
saint,1
procession.,1
fifteen,1
dresses,1
two-thirds,1
cents,1
pound?,1
pencil,1
proud,1
spurs.,1
truly.",1
knowing,2
thwart.,1
lashing,4
jaw,1
cleanly,1
possible.,1
boom,1
rigged,,1
drew,,1
move,,1
lying,1
sailed,9
south-west.,1
compass,1
south-west,1
drawing,1
sail.,1
spoon,2
moisture.,1
rotten.,1
patch,2
shrimps,1
fleas.,1
pinched,1
heads,3
shells,1
tails.,1
nourishing,1
tasted,1
drinks,1
shrimps.,1
sailing,3
considering,1
handicaps,1
steered,3
tiller,8
arm.,1
happened,1
dream.,3
end,,1
motionless,1
fell,,1
strangeness,1
cure,1
quickly,,1
bled,1
heal,1
healer,1
bringing,2
in?,1
question.,1
dignity,1
gone,,1
either.,1
pleases,1
trickery,1
harm.,1
soaked,2
constantly,1
true.,1
accident.,1
cloud,1
dispersed,1
absolutely,1
caution,1
taken.,1
scent.,2
trace,1
mako,2
fastest,1
jaws.,4
hide,2
smooth,1
handsome.,1
knifing,1
wavering.,1
lip,1
rows,1
teeth,3
inwards.,1
ordinary,1
pyramid-shaped,1
sharks.,3
shaped,1
crisped,1
claws.,1
razor-sharp,1
edges,1
fishes,1
armed,1
speeded,1
fresher,1
wished.,1
prepared,1
lacked,1
resolution,2
hope.,1
last,,2
dream,,2
_dentuso_,,2
mother.,1
clicking,1
chop,3
shark's,6
ripping,1
rammed,1
spot,2
intersected,1
nose.,1
clicking,,2
thrusting,1
all-swallowing,1
location,1
brain,3
mushed,1
complete,1
malignancy.,1
alive,4
wrapping,1
loops,1
rope.,1
accept,1
back,,1
plowed,1
speed-boat,1
three-quarters,1
taut,,1
shivered,,1
snapped.,2
pounds,",1
rope,,1
bleeds,1
others.,2
anymore,2
mutilated.,1
hit.,1
_dentuso_,2
newspapers.,1
defeat,",1
destroyed,1
defeated.",1
harpoon.,1
intelligent.,1
not,,1
armed.,1
"sail,1
comes.",1
brain?,1
thing,,1
handicap,1
spurs?,1
wrong,1
heel,1
sting,1
ray,1
stung,1
paralyzed,1
leg,1
unbearable,1
pain.,2
"think,1
cheerful,,1
"every,1
closer,1
lighter,2
pattern,1
inner,1
"yes,1
is,",1
butt,1
oars.",1
sheet,5
unarmed.",1
returned.,1
silly,1
hope,,1
sin.,5
sin,,1
problems,1
understanding,2
sin,2
suppose,1
paid,2
san,1
pedro,1
dimaggio.,1
involved,1
radio,,1
food,,1
after.,1
more?,1
enjoyed,1
lives,1
scavenger,1
appetite,1
are.,1
anything.,2
self-defense,",1
besides,,1
alive.,1
deceive,1
quality,1
juicy,,1
red.,1
stringiness,1
highest,1
price,1
market.,1
coming.,1
north-east,1
fall,1
sails,1
hull,1
smoke,1
ship.,1
gulf-weed.,1
hours,,1
bit,1
marlin,,1
"_ay_,",2
translation,1
word,1
make,,1
involuntarily,,1
nail,1
"_galanos_,",1
identified,1
shovel-nosed,1
brown,,1
triangular,1
sweeping,1
excited,1
stupidity,1
losing,1
finding,1
excitement.,1
closing,2
jammed,2
tiller.,3
oar,9
rebelled,1
firmly,1
flinch,1
shovel-pointed,1
white-tipped,1
fins.,1
hateful,1
sharks,,2
smelling,,1
scavengers,1
killers,,1
hungry,1
bite,1
rudder,3
turtles',1
flippers,1
surface,,1
slime,1
"_galanos_.,1
_galanos_.",1
came.,2
shake,1
slitted,1
bitten.,1
spinal,1
juncture,,1
withdrew,2
cat-like,1
swallowing,1
died.,1
destruction,1
swing,1
broadside,1
under.,1
punched,2
barely,1
squarely,1
center,1
flat-topped,1
nose,4
stabbed,1
"no?",1
vertebrae,1
brain.,2
shot,1
cartilage,1
sever.,1
reversed,1
twisted,1
"go,1
_galano_.,1
slide,1
friend,,2
it's,1
mother.",1
oar.,1
quarter,1
meat,",1
drained,1
awash,1
mirror,1
showed.,2
far,,1
"neither,1
sorry,,1
cut.,1
stone,1
knife,",1
butt.,2
stone.",1
counsel,",1
took,",1
she's,2
mutilated,1
under-side,1
bumps,1
torn,1
highway,1
winter,,1
defend,1
bleed,1
bleeding,1
cramping.,1
now?,1
wait,1
single,1
shovel-nose.,1
pig,2
trough,1
backwards,1
steer.,3
sinking,1
life-size,,1
small,,1
tiny.,1
fascinated,1
club.",1
beaten,2
soak,1
inside.",1
quartering,1
tiller,,1
club.,2
sawed,1
effectively,1
grip,1
flexing,1
_galanos_.,2
nearest,1
sink,1
slamming,1
broad,1
rubbery,1
solidity,1
rigidity,1
pieces,2
spilling,1
bumped,1
wrenched,1
loose.,1
rubberiness.,1
_galano_,",1
sluggishly,1
neither,2
circles.,1
expect,1
surely.,1
destroyed.,1
soon,",1
eastward,1
beaches.",1
worried.,1
worry,,1
confidence.,1
worry.,1
town.,1
ruined,3
"half,1
"fish,1
were.,1
both.,1
i,,1
kill,,1
fish?,1
spear,1
nothing.",1
free.,1
chopped,2
with,,1
hatchet,1
knife.,1
had,,1
butt,,1
weapon.,1
fought,2
together.,1
do?,1
"fight,1
them,",1
die.",1
dead.,3
palms.,1
promised,1
luck.,1
violated,1
outside.,1
silly,",1
awake,1
yet.",1
"i'd,1
there's,1
with?,1
might,",1
nonsense,,1
forms,1
recognize,1
her?,1
lights,,1
settle,1
reflected,1
city,1
o'clock,1
perceptible,1
increasing,1
soon,,1
stream.,1
over,,1
weapon?,1
sore,1
wounds,1
strained,1
midnight,1
useless.,1
pack,2
below.,1
seize,1
together,,1
tearing,1
glowing,1
came,,1
finally,,1
heaviness,1
tear.,1
lunged,1
splintered,1
breathe,1
taste,1
coppery,1
moment.,1
you've,1
remedy,1
jagged,1
slot,1
feelings,1
kind.,1
port,1
intelligently,1
crumbs,1
steering.,1
good,,1
harmed,1
colonies,1
sometimes.,1
enemies.,1
friend.,1
beaten,,1
"nothing,",1
far.",1
strongly,1
shingle,1
rocks.,1
rock.,1
unstepped,1
shouldered,1
climb.,1
depth,1
tiredness.,1
street,1
standing,1
skiff's,1
naked,1
mass,1
nakedness,1
between.,1
climb,1
business,1
wall.,1
drink.,1
palms,1
drifting-boats,1
breathing,1
cry.,1
crying.,2
measuring,2
skeleton,1
he?",1
shouted.,1
"sleeping,",1
called.,2
eighteen,1
tail,",1
"hot,1
"anything,1
more?",1
afterwards,1
was,",1
proprietor,2
yesterday,1
"damn,1
cry,1
kind?",1
bother,1
santiago.,1
am.",1
"thanks,",1
woke.,2
waking.,1
heat,1
"drink,1
glass.,1
truly.,1
afterwards.",1
"pedrico,1
head?",1
pedrico,2
traps.",1
spear?",1
things.",1
"did,1
search,1
me?",1
guard,1
planes.",1
see,",1
speaking,1
missed,1
catch?",1
third.",1
anymore.",1
hell,1
family,1
say?",1
yesterday.,1
learn.",1
lance,1
board.,1
spring,3
leaf,1
ford.,1
grind,1
guanabacoa.,1
tempered,1
break.,1
broke.",1
ground.,1
_brisa_,1
"maybe,1
three.,1
more.",1
order,",1
broken.",1
"lie,1
"bring,1
papers,1
teach,1
suffer?",1
"plenty,",1
papers,",1
"rest,1
drug-store,1
hands.",1
forget,1
his.",1
remember.",1
rock,1
crying,1
party,1
tourists,1
barracudas,1
woman,1
spine,1
tide,1
blew,1
entrance,1
harbour.,1
"what's,1
that?",1
waiter,2
pointed,1
garbage,1
tide.,1
"tiburon,",1
"eshark.",1
meaning,1
explain,1
handsome,,1
beautifully,1
formed,1
tails.",1
either,",1
companion,1
shack,,1
sleeping,2
lions.,1
_books,1
by_,1
river,1
trees,1
whom,1
bell,1
tolls,1
fifth,1
column,1
forty-nine,1
stories,1
winner,1
farewell,1
rises,1
torrents,1
_charles,1
[end,1
hemingway],1
